{
  "peak_memory_gb": 61.345703125,
  "peak_memory_training_gb": 3.48046875,
  "memory_percentage": 64.59430295995953,
  "total_time_seconds": 28.510858654999993,
  "avg_step_time_seconds": 2.851085865499999,
  "compile_warmup_time_seconds": 14.793720123999265,
  "compile_warmup_steps": 5,
  "steady_state_time_seconds": 12.238839997000014,
  "steady_state_steps": 5,
  "avg_compile_step_time_seconds": 2.958744024799853,
  "avg_steady_step_time_seconds": 2.4477679994000026,
  "compile_overhead_seconds": 2.554880126999251,
  "samples_per_second": 1.4029742311175584,
  "tokens_per_second": 2722.9976108202914,
  "steady_samples_per_second": 1.6341417981526356,
  "steady_tokens_per_second": 3171.704181892652,
  "final_loss": 0.5638068735599517,
  "total_steps": 10,
  "total_samples": 40,
  "total_tokens": 77635,
  "timestamp": "2026-01-28T20:28:57.620870",
  "git_commit": "80c5b9d8",
  "attn_implementation": "flash_attention_2"
}