{
  "peak_memory_gb": 60.064453125,
  "peak_memory_training_gb": 2.27734375,
  "memory_percentage": 63.245203569920584,
  "total_time_seconds": 34.11219214300036,
  "avg_step_time_seconds": 3.4112192143000355,
  "compile_warmup_time_seconds": 22.741873831001612,
  "compile_warmup_steps": 5,
  "steady_state_time_seconds": 8.640804977000698,
  "steady_state_steps": 5,
  "avg_compile_step_time_seconds": 4.548374766200323,
  "avg_steady_step_time_seconds": 1.7281609954001396,
  "compile_overhead_seconds": 14.101068854000914,
  "samples_per_second": 1.1726012750021342,
  "tokens_per_second": 2275.872499619767,
  "steady_samples_per_second": 2.314599166771402,
  "steady_tokens_per_second": 4492.403208187447,
  "final_loss": 0.5623984575271607,
  "total_steps": 10,
  "total_samples": 40,
  "total_tokens": 77635,
  "timestamp": "2026-01-28T20:46:54.309348",
  "git_commit": "80c5b9d8",
  "attn_implementation": "flash_attention_2"
}